customer_id,name,phone,email,city,signup_date
C0001,Allison Hill,1960013389,hoffmanjennifer@example.net,Delhi,2024-10-10
C0002,Kevin Pacheco,4235116155,lindsay78@example.org,Faridabad,2026-06-14
C0003,Juan Calderon,0341316475,mitchellclark@example.com,Gurugram,2025-05-22
C0004,Andrea Reid,4835030564,clarksherri@example.net,Mumbai,2023-11-15
C0005,Jennifer Rocha,3884969653,williamdavis@example.org,Lucknow,2026-01-05
C0006,Christopher Becker,7848018451,,Gurugram,2023-10-16
C0007,Aaron Bowen,1489325288,georgetracy@example.org,Mumbai,2026-04-12
C0008,Sandra Parker,1718227824,ibrandt@example.net,Mumbai,2025-05-05
C0009,Jennifer Powers,1331509839,adrianzimmerman@example.org,Mumbai,2023-07-16
C0010,Shannon Jones,8299737631,hopkinsmichael@example.com,Chandigarh,2024-06-20
C0011,Megan Joyce,1333872624,ewright@example.com,Delhi,2025-10-21
C0012,Annette Pearson,6773602606,sara74@example.com,Noida,2025-05-15
C0013,Rachel Stanley,3098050097,brianromero@example.org,Jaipur,2022-11-28
C0014,Scott Powell,9169985435,josephanderson@example.net,Faridabad,2023-10-25
C0015,Paul Jones,1838425135,eric84@example.net,Jaipur,2026-06-29
C0016,Kendra Contreras,1182449353,william40@example.org,Lucknow,2025-02-15
C0017,Amanda Cook,8680112805,russellwilliams@example.com,Jaipur,2026-02-28
C0018,Shannon Nolan,8692322602,kimberly63@example.com,Delhi,2023-04-07
C0019,Janet Williams,5433036541,michael86@example.net,Mumbai,2026-06-26
C0020,Teresa Wilson,0196556981,mlam@example.com,Lucknow,2022-10-25
C0021,Joseph Drake,5951484656,,Ghaziabad,2025-05-16
C0022,Cheryl Ortega,4680443699,steven73@example.net,Pune,2024-06-29
C0023,Rebecca Jackson,5134332003,xcarr@example.org,Jaipur,2024-06-04
C0024,Laura Higgins,2016328708,samanthamartinez@example.org,Gurugram,2025-10-12
C0025,Victoria Larson,8727743487,,Faridabad,2025-02-04
C0026,Billy Mitchell,1223623166,amy60@example.org,Gurugram,2025-11-26
C0027,Randy Shah,0546688937,joshuatucker@example.com,Gurugram,2023-12-16
C0028,Jennifer Martin,0699016272,greenmark@example.com,Chandigarh,2023-12-03
C0029,Jamie Walton,0805310033,howelljohn@example.com,Jaipur,2025-04-06
C0030,Claudia Lyons,1241904966,charlesvaughn@example.net,Jaipur,2023-08-05
C0031,Elizabeth Sutton,8651850671,oyu@example.com,Ghaziabad,2025-05-30
C0032,Nicholas Sheppard,7694531473,qhudson@example.com,Gurugram,2023-12-17
C0033,Frederick Freeman MD,4808313678,hannahbrewer@example.com,Noida,2024-05-24
C0034,Edward Sullivan,7885685574,john13@example.com,Faridabad,2023-02-09
C0035,Pamela Lopez,8941343524,ericksondavid@example.org,Lucknow,2026-06-16
C0036,Melissa Martinez,4777520471,moralescharles@example.net,Mumbai,2025-04-30
C0037,Robert Avery,6999386774,ntorres@example.org,Jaipur,2025-01-10
C0038,Theresa Clark,3281206797,antonio44@example.net,Delhi,2026-01-03
C0039,David Baker,3242102499,scott74@example.net,Delhi,2024-03-20
C0040,Joshua Kim,4013990490,thomaspearson@example.com,Lucknow,2023-05-09
C0041,Madison Vasquez,5512567468,gibsonleonard@example.com,Faridabad,2023-02-04
C0042,Sharon Bryan,0385977034,sarakim@example.net,Pune,2024-07-16
C0043,Mark Lloyd,8613171274,robert77@example.org,Jaipur,2024-06-06
C0044,Connor Greene,5840449972,wryan@example.com,Chandigarh,2024-10-20
C0045,Jordan Morris,3605766270,waynelawrence@example.org,Chandigarh,2026-01-24
C0046,Joseph Bryant,7459615865,cbrennan@example.net,Noida,2022-11-28
C0047,Tammie Bright,7240050455,hthomas@example.com,Mumbai,2024-11-09
C0048,Carolyn Miller,9237474074,charleslandry@example.net,Pune,2023-10-24
C0049,Melissa Bryant,1369594406,alan09@example.net,Pune,2024-08-02
C0050,Donna Lindsey,4210470952,browningmark@example.com,Faridabad,2023-05-01
C0051,Joshua Mata,4517123685,gibbsalexander@example.net,Noida,2023-02-15
C0052,Paul Baker,7098593174,cwilson@example.org,Gurugram,2023-11-01
C0053,Brent Clay Jr.,9261796405,scottsampson@example.com,Gurugram,2023-01-12
C0054,Kimberly Levine,3171390053,kristinharris@example.net,Noida,2023-06-15
C0055,Sergio Murphy,2284210205,briannasmith@example.com,Lucknow,2022-11-05
C0056,Kelly Reese,9178390847,browntimothy@example.com,Lucknow,2024-04-23
C0057,Micheal Wallace,1249985698,shawn96@example.org,Chandigarh,2025-09-30
C0058,Matthew Rich,6576615654,stephanie71@example.org,Mumbai,2025-11-24
C0059,Brent Rodgers,8851656049,michael98@example.org,Delhi,2023-04-01
C0060,Dr. Gregory Hawkins,6899809402,jacqueline45@example.com,Gurugram,2022-08-31
C0061,Kylie Morales,3667525459,wareeric@example.net,Mumbai,2022-11-02
C0062,Jeremy Coleman,8156149784,walkertracey@example.org,Jaipur,2022-09-02
C0063,Daniel Taylor,0762268388,charles06@example.org,Lucknow,2024-06-10
C0064,Erik Patterson,6052975161,ryanmorales@example.org,Delhi,2024-03-10
C0065,Gerald Cook,8835523124,glennhernandez@example.net,Ghaziabad,2022-12-08
C0066,Lori Marshall,5271774490,william47@example.com,Noida,2022-10-15
C0067,Dustin Newman,6798079359,dmason@example.com,Gurugram,2023-01-18
C0068,Gwendolyn Klein,7889255466,erika05@example.org,Ghaziabad,2023-12-07
C0069,Jasmine King,2546291486,lisa81@example.net,Mumbai,2025-04-07
C0070,Alicia Parker,3221418880,nancy92@example.net,Noida,2024-02-12
C0071,Ronald Wise,5379473834,mmckee@example.com,Noida,2025-04-18
C0072,Jessica Hammond,2392407581,mitchellkathryn@example.com,Mumbai,2024-05-26
C0073,Sandra Davis,6068536153,florescory@example.net,Pune,2025-03-09
C0074,Brenda Mitchell,9010432898,srodriguez@example.org,Delhi,2023-10-27
C0075,Jason Bauer,9808932460,john62@example.net,Jaipur,2025-04-04
C0076,Heather Ashley,6540515319,dennis58@example.com,Ghaziabad,2025-10-29
C0077,Richard Marshall,7043030548,ihays@example.com,Faridabad,2023-08-20
C0078,Cheryl Kelly,5667652775,laurie61@example.com,Gurugram,2024-12-31
C0079,Kimberly Morris,7962757059,yhill@example.org,Chandigarh,2022-12-08
C0080,Heidi Owen,7021355690,erikarush@example.com,Mumbai,2024-05-18
C0081,Chad Richardson,0278681447,wendymitchell@example.com,Noida,2023-06-05
C0082,Benjamin Thompson,1884422583,gallowaylaura@example.org,Mumbai,2025-09-26
C0083,Julian Wood,4678669125,coleerin@example.com,Mumbai,2023-02-22
C0084,Kristen Matthews,1824225358,meghan43@example.net,Lucknow,2026-05-21
C0085,Mario Mendez,9229959001,frykelli@example.com,Mumbai,2025-03-11
C0086,Jennifer Fowler,7364710276,vmarshall@example.net,Faridabad,2023-03-16
C0087,Emma Travis,8815371473,colinroberts@example.com,Lucknow,2026-01-09
C0088,Victor Barrera,2787747016,nlevy@example.net,Jaipur,2024-01-09
C0089,Johnny Khan,1624565060,michaelroberts@example.com,Mumbai,2024-08-13
C0090,Diana Hays,5585239868,williamsderrick@example.com,Faridabad,2025-10-15
C0091,Brittany Barry,2694958887,thomas05@example.com,Jaipur,2025-04-12
C0092,Lauren Robles,9930972896,,Mumbai,2023-03-22
C0093,Amanda Vaughan,5626368970,aprilhoffman@example.net,Faridabad,2024-07-07
C0094,Tyler Stevens,9733484344,,Delhi,2025-05-27
C0095,Katherine Castillo,8665240415,vdouglas@example.com,Delhi,2023-06-25
C0096,Denise Hoffman,9330833016,jennifer12@example.org,Gurugram,2026-06-02
C0097,Brooke Delgado,5401938026,sarahjohnson@example.com,Ghaziabad,2025-09-22
C0098,Paul Brennan,9915478872,znelson@example.org,Faridabad,2023-12-08
C0099,Mariah Higgins,3296685161,tinawoods@example.org,Pune,2022-09-01
C0100,Jeremy Adams,0453017426,hannah45@example.net,Faridabad,2023-07-04
C0101,Karen Gibson,8339187851,brownamy@example.net,Lucknow,2023-06-08
C0102,Carmen Bond,7187072867,hansenemily@example.com,Gurugram,2025-06-22
C0103,Robert Reese,1801704622,ybrooks@example.com,Jaipur,2026-01-17
C0104,Jaime Vega,8682300478,opatel@example.org,Chandigarh,2024-06-11
C0105,Colin Golden,0331190790,joymorales@example.org,Delhi,2024-10-02
C0106,Patty Taylor,9953428364,bruce92@example.net,Gurugram,2025-04-19
C0107,Amber Cooper,6246287334,,Jaipur,2025-12-31
C0108,Joel Brown,2634351751,brettbennett@example.net,Gurugram,2025-01-01
C0109,Chelsea Gill,4033173936,andrearowe@example.com,Faridabad,2024-06-19
C0110,Elizabeth Ward,5355609320,angela99@example.net,Noida,2024-04-11
C0111,Gary James,4777252287,sabrinaweaver@example.net,Ghaziabad,2026-05-22
C0112,Sara Jones,3120387509,bhopkins@example.org,Gurugram,2024-09-22
C0113,Alan Bowen,2118233984,joseph61@example.com,Mumbai,2026-05-25
C0114,David Terry,6668700217,vnewman@example.net,Mumbai,2026-06-20
C0115,Stephanie Ellison,4014890250,brendagoodwin@example.net,Gurugram,2025-11-08
C0116,Elizabeth Elliott,2185016315,unovak@example.org,Faridabad,2025-02-14
C0117,Joanne Perez,6194311426,jodistewart@example.org,Chandigarh,2022-12-31
C0118,Jill Juarez,6788861015,carlsonkristen@example.com,Lucknow,2022-09-09
C0119,Richard Hardy,6224447212,thill@example.com,Noida,2025-09-15
C0120,Tony Le,7124065965,pcook@example.net,Lucknow,2023-03-05
C0121,Travis Harris,4793564651,brittanygardner@example.net,Chandigarh,2025-08-24
C0122,Nicholas Hahn,6724342661,eewing@example.net,Mumbai,2024-03-18
C0123,Tami Holt,1135290965,grodriguez@example.com,Chandigarh,2023-07-06
C0124,Kristin Watts,7982507146,wilsonshelia@example.org,Ghaziabad,2024-01-03
C0125,Richard Boyd,7514010512,zacharyarnold@example.com,Delhi,2024-10-31
C0126,Crystal Sullivan,0937966033,karen19@example.org,Mumbai,2025-10-09
C0127,Holly Gonzalez,5969691557,,Jaipur,2025-01-21
C0128,Michele Evans,3412528669,,Pune,2023-03-08
C0129,Cody Reid,4225790507,jamescruz@example.net,Mumbai,2024-08-14
C0130,Michael Perry PhD,0340438427,hdunn@example.net,Mumbai,2023-02-02
C0131,Samantha Richardson,6134074517,rowejoel@example.net,Noida,2024-12-10
C0132,Michael Chen,3095849825,,Gurugram,2026-06-22
C0133,Kenneth Farley,4223253672,courtney67@example.org,Faridabad,2025-02-14
C0134,Anna Robertson,5901751863,fsummers@example.com,Pune,2023-11-27
C0135,Joshua Anderson,1701277063,nicoleturner@example.com,Pune,2023-01-03
C0136,Bradley Beck,3611037129,,Gurugram,2023-07-12
C0137,Alexandra Dominguez,1361115542,wayala@example.org,Pune,2025-02-25
C0138,Andrea Elliott,2697311219,bbell@example.com,Jaipur,2025-09-27
C0139,Matthew Wright,8983640376,allendanielle@example.org,Faridabad,2024-09-16
C0140,Victoria Peck,5827109104,billbrown@example.com,Jaipur,2024-08-16
C0141,Kathryn Perry,9241418328,peter14@example.net,Lucknow,2024-05-09
C0142,Cynthia Sanchez,9042102027,alexandra42@example.com,Ghaziabad,2023-02-20
C0143,Debra Tanner,8149177850,kvillarreal@example.com,Gurugram,2023-04-04
C0144,Stephanie Craig,0030756220,,Pune,2024-10-21
C0145,Natalie Barnes,4195180238,finleycasey@example.com,Gurugram,2026-01-12
C0146,Emily Miller,4949375973,,Faridabad,2025-07-05
C0147,Rebecca Hernandez,5050641383,dvasquez@example.org,Noida,2025-06-05
C0148,Thomas Merritt,9182619906,joelgreen@example.com,Gurugram,2026-04-08
C0149,Ronnie Nguyen,3291212775,wmartinez@example.org,Jaipur,2024-05-30
C0150,Samuel Davis,5213568044,anthonysullivan@example.com,Chandigarh,2024-10-26
C0151,Anna Garcia,3236519941,osbornjames@example.net,Ghaziabad,2024-05-18
C0152,Taylor Calderon,0296670662,jason24@example.com,Mumbai,2024-05-21
C0153,Lucas Jensen,7014626383,,Mumbai,2025-02-09
C0154,Rebecca Mayo,5985642059,anthonycochran@example.com,Gurugram,2022-11-14
C0155,Kendra Wang DVM,4803965223,linda59@example.org,Noida,2025-05-24
C0156,Keith Thomas,2701039308,nsmith@example.org,Gurugram,2025-10-19
C0157,Christopher Lang,9218515691,kevin22@example.net,Noida,2026-05-10
C0158,Toni Banks,3926442209,xrosales@example.net,Pune,2022-10-08
C0159,Tammy Ponce,2513552157,bakerjohn@example.org,Jaipur,2024-01-06
C0160,Michelle Williams,7658617932,cjones@example.com,Ghaziabad,2022-09-20
C0161,Brian Peterson,1599706296,brianrivera@example.org,Ghaziabad,2024-03-30
C0162,Tammy Fernandez,0698720506,phillipsebony@example.net,Delhi,2024-07-09
C0163,Daniel Little,6774186256,jacob04@example.com,Lucknow,2024-06-18
C0164,Derrick Brown,6938068687,thomasmiller@example.net,Delhi,2022-10-11
C0165,Kellie Duncan,2332061632,,Noida,2025-11-27
C0166,Thomas Sloan,6854870998,jrodriguez@example.org,Ghaziabad,2024-11-10
C0167,Traci Garcia,8564679970,joshuathomas@example.net,Chandigarh,2025-04-22
C0168,James Koch,5054447132,terri75@example.com,Lucknow,2025-06-30
C0169,Ann Alexander,0821486289,thompsonnancy@example.org,Gurugram,2025-12-01
C0170,Jesus Hull,8610357972,,Noida,2026-05-27
C0171,Juan Cooper,6029333346,hancocktammy@example.net,Jaipur,2022-09-04
C0172,Maria Burke,4466574374,asilva@example.net,Noida,2026-07-22
C0173,Sara Hoffman,1545444328,racheltrujillo@example.net,Delhi,2024-03-22
C0174,Charles Johnson,6609935387,william28@example.org,Delhi,2023-10-17
C0175,Patrick Hardy,5346554947,ruizmichelle@example.net,Faridabad,2024-11-29
C0176,Kaitlyn Lee,6022356972,michelle21@example.com,Gurugram,2023-12-11
C0177,Mrs. Amy Hayes,7129666676,johnsonjames@example.com,Mumbai,2026-05-12
C0178,Nicole Schmidt,5421689421,evanskelly@example.net,Lucknow,2024-09-05
C0179,Jessica Mcdaniel,3260332309,daviddawson@example.org,Noida,2024-02-10
C0180,Patricia Dean,1676184723,turnerdorothy@example.net,Faridabad,2024-09-05
C0181,Mercedes Barnes,4117393483,jade42@example.org,Noida,2024-10-14
C0182,Melissa Castillo,1972181143,shinton@example.com,Delhi,2024-06-16
C0183,Christopher Williams,1100225579,natalie15@example.com,Jaipur,2023-05-11
C0184,Victor Nelson,1202169797,cherylmaxwell@example.net,Lucknow,2022-10-03
C0185,Sara Mcpherson,6701450899,tiffanysantiago@example.com,Faridabad,2024-09-03
C0186,Lisa Reynolds,2890028772,waltonmalik@example.com,Gurugram,2026-06-10
C0187,Daniel Schneider,7971775170,powellbarry@example.net,Delhi,2022-08-23
C0188,Larry Montgomery,7550375899,xmoran@example.net,Faridabad,2024-05-31
C0189,Matthew Smith,5102726149,jacobconrad@example.com,Chandigarh,2023-06-27
C0190,Cheryl Morgan,7798270808,eroberson@example.net,Faridabad,2025-09-12
C0191,Melissa Thompson,9586693465,shawn22@example.com,Faridabad,2024-12-31
C0192,Kayla Cameron,3945228851,anna99@example.net,Ghaziabad,2025-06-03
C0193,Stephanie Ferguson,0620034244,maryvaughn@example.com,Ghaziabad,2023-06-10
C0194,Heather Chavez,8406665800,james73@example.net,Mumbai,2025-05-26
C0195,Nicole Payne,2122816064,david94@example.org,Mumbai,2023-12-08
C0196,Brittney Hernandez,4798515832,hartmanerik@example.net,Delhi,2024-09-28
C0197,Daniel Lewis,3987801573,susanfleming@example.com,Ghaziabad,2024-02-19
C0198,Ashley Scott,8877043581,jacksonstephanie@example.net,Ghaziabad,2024-09-23
C0199,Christine Soto,8612075011,,Pune,2022-11-08
C0200,Kristin Andrews,7665061809,avilabrenda@example.net,Jaipur,2025-12-17
C0201,Jonathan Roberts,7660728326,susan24@example.net,Mumbai,2026-02-11
C0202,Sharon Wong,1009968814,kaitlinberger@example.com,Pune,2023-06-21
C0203,Sarah Thomas,3129087814,kingjames@example.net,Delhi,2024-07-19
C0204,Carl Rios,3577594929,lindsey62@example.org,Delhi,2023-11-13
C0205,Michelle Davidson,7775478129,wilkinsonmichele@example.org,Mumbai,2026-02-17
C0206,Nicholas Sims,9969308488,jvaldez@example.com,Faridabad,2024-03-06
C0207,Leah Vincent,1658039282,kmoore@example.net,Gurugram,2025-03-22
C0208,Nancy Webb,3145303856,chardin@example.org,Jaipur,2026-06-25
C0209,Michael Boyd,9266591846,zacharygomez@example.com,Gurugram,2024-07-19
C0210,Mr. Jonathan Taylor,4322259136,jennifer77@example.com,Ghaziabad,2023-06-20
C0211,Roy Johnson,2280920242,kgreene@example.net,Lucknow,2022-09-18
C0212,Mary Campbell,7723692929,gary57@example.net,Ghaziabad,2024-12-14
C0213,James Rodriguez,2912799088,davisdonna@example.net,Faridabad,2024-10-02
C0214,Todd Gregory,0863765991,eanderson@example.org,Lucknow,2026-03-16
C0215,Kyle Stephens,9818063565,mooredenise@example.com,Noida,2023-08-31
C0216,Krystal Carr,8725887449,kim62@example.net,Ghaziabad,2023-02-09
C0217,Richard Avery,5890260127,qdavis@example.org,Delhi,2024-02-04
C0218,Misty Arias,9027703843,bowerswilliam@example.net,Faridabad,2023-07-20
C0219,Andrew Allen,6566938011,jessica89@example.com,Pune,2024-01-01
C0220,Courtney Mccarty,4268181845,prattsue@example.net,Jaipur,2025-10-28
C0221,Melissa Church,7907141633,robert58@example.net,Chandigarh,2022-09-05
C0222,Danielle Davis,7553942373,jillsalas@example.org,Mumbai,2023-07-16
C0223,Sara Kelly,9080759579,travis84@example.com,Noida,2023-07-06
C0224,Amy Lloyd,5627187500,nicolasgarcia@example.com,Ghaziabad,2025-01-15
C0225,Joshua Young,2763655647,ashleykrause@example.net,Pune,2023-07-15
C0226,Devin Young,2702672885,jevans@example.net,Faridabad,2022-10-30
C0227,Christopher Lewis,5455884506,bellerin@example.net,Faridabad,2023-06-03
C0228,Mariah Thompson,7716947225,kwelch@example.com,Noida,2025-12-18
C0229,Christopher Perez,6475987622,,Faridabad,2025-12-26
C0230,David King,1117800681,bakereric@example.net,Pune,2026-04-16
C0231,Dave Rojas,2005577848,staylor@example.net,Gurugram,2023-05-03
C0232,Lynn Fields,5783174564,kevinsmith@example.org,Pune,2023-12-27
C0233,Adam Weeks,4930853686,twright@example.net,Lucknow,2025-03-03
C0234,Connie Miller,4846312241,rwilliamson@example.net,Faridabad,2025-01-29
C0235,Alec Williams,4270312073,robert75@example.com,Delhi,2025-05-15
C0236,Bobby Christensen,1872346013,cwise@example.org,Gurugram,2025-07-12
C0237,Joel Wise,5208814743,paige31@example.org,Faridabad,2025-02-13
C0238,Christopher Hill,0979251327,parksmatthew@example.net,Mumbai,2022-11-16
C0239,Christian Herrera,5857306524,washingtonsamuel@example.com,Mumbai,2024-10-07
C0240,Keith Stephens MD,2182744857,parsonswilliam@example.net,Gurugram,2023-05-15
C0241,Scott Parsons,6387829456,daniel81@example.org,Chandigarh,2025-11-29
C0242,Shane Harris,9678994053,smithsamantha@example.net,Mumbai,2024-07-25
C0243,Angela Owen,5094801413,garciajerry@example.com,Chandigarh,2023-05-20
C0244,Danielle Garrett,1957612286,diane89@example.com,Mumbai,2026-04-18
C0245,Krista Shea,9398368457,amoyer@example.net,Mumbai,2022-10-11
C0246,Alan Taylor,3504888992,johnsonmichael@example.org,Noida,2023-09-05
C0247,Danielle Scott,9315727919,benjamin96@example.org,Chandigarh,2025-09-11
C0248,Felicia Hobbs,9060480589,markwolfe@example.org,Faridabad,2022-11-03
C0249,Jenna Griffin,6225179086,christopher86@example.net,Ghaziabad,2023-02-25
C0250,Justin Freeman,3314659116,mdiaz@example.com,Mumbai,2023-12-28
C0251,Patricia Jackson,2703352110,stacymcintosh@example.com,Faridabad,2022-09-11
C0252,Ashley Cole,3388487920,qaguilar@example.net,Gurugram,2022-10-24
C0253,Duane Mccormick,1645104636,mckeetodd@example.net,Faridabad,2024-09-21
C0254,Jonathan Ellis,4576205554,wendyirwin@example.com,Jaipur,2025-10-27
C0255,Sherry Zamora,2562168936,ashleysimmons@example.com,Gurugram,2026-03-15
C0256,Joshua Clark,2482629251,whitemary@example.org,Faridabad,2025-06-27
C0257,Sheryl Gutierrez,2312209949,caitlynhall@example.org,Noida,2024-01-18
C0258,Karen Shaw,7722330604,qwalker@example.org,Gurugram,2025-08-10
C0259,Timothy Duke,6609656999,meyershannon@example.org,Jaipur,2026-01-29
C0260,Joshua Terrell,0347644726,christie08@example.org,Lucknow,2024-06-15
C0261,Ann Mason,6657027937,,Lucknow,2022-12-29
C0262,Matthew Dawson,7518689268,kwilliams@example.com,Pune,2024-11-08
C0263,Brittany Melton,4742123094,ellismelissa@example.net,Delhi,2025-10-20
C0264,Katherine Robinson,1990384983,lopezbrian@example.com,Pune,2022-10-14
C0265,Mary Massey,1622499982,xcurry@example.org,Delhi,2023-01-03
C0266,Jacob Gray,4721458683,cherylrodriguez@example.net,Ghaziabad,2026-06-23
C0267,Anita Ramsey,4899529978,lvasquez@example.net,Lucknow,2023-07-21
C0268,Cory Wilson,6605583034,kristy44@example.net,Mumbai,2024-10-17
C0269,Ashley Cook,2355770272,imcclain@example.com,Faridabad,2024-06-14
C0270,Tanya Brown,8039551240,tonya82@example.net,Ghaziabad,2025-01-05
C0271,Bruce Patton,6173574384,danielglover@example.org,Delhi,2026-03-21
C0272,Alexander Webb,8452182307,hreeves@example.org,Lucknow,2022-08-28
C0273,Melissa Wheeler,1840943533,joshua57@example.net,Chandigarh,2023-02-07
C0274,Donald Smith,8542493214,amber02@example.org,Pune,2024-06-26
C0275,Ashley Brown,9795453817,christopherlang@example.net,Lucknow,2024-06-22
C0276,Michael Mckinney,2945625577,jonesdaniel@example.com,Delhi,2024-06-12
C0277,Randy Munoz,1581487696,christinekelley@example.com,Lucknow,2024-02-22
C0278,Robert Garza,3219719975,shortgregory@example.com,Chandigarh,2022-11-30
C0279,Robert Wise,1329022784,cgilbert@example.org,Ghaziabad,2023-06-13
C0280,Elizabeth Bauer,9098624058,smithann@example.com,Faridabad,2023-01-26
C0281,Andre Reynolds,6683272386,mary24@example.net,Jaipur,2023-02-18
C0282,Matthew Thomas,2679692786,ocruz@example.org,Lucknow,2024-04-21
C0283,Jonathan Simon,5009751971,jessicafox@example.com,Lucknow,2024-06-17
C0284,Steve Davis,4905807787,robert44@example.org,Gurugram,2022-10-12
C0285,Nicole Acosta,2904904712,yorkjoshua@example.org,Mumbai,2025-01-19
C0286,David Figueroa,5243728051,,Jaipur,2026-06-06
C0287,Samantha Monroe,2395041027,ealvarez@example.net,Gurugram,2026-05-10
C0288,Cynthia Vega,8604765801,stephanie69@example.net,Delhi,2026-01-01
C0289,Derek Garcia,3852580010,gdavis@example.net,Faridabad,2024-05-21
C0290,Douglas Lee,9391119269,pauladominguez@example.com,Delhi,2023-10-18
C0291,Angela Chavez,2140665044,scottvasquez@example.org,Faridabad,2025-01-11
C0292,Johnathan Thomas,7410119470,ohernandez@example.org,Gurugram,2026-04-18
C0293,Deborah Graves,7766183067,bradleysavannah@example.com,Faridabad,2023-12-12
C0294,Anthony Shea,1743280634,omosley@example.net,Ghaziabad,2024-01-18
C0295,Mark Moss,9376184787,johnsonbrian@example.net,Noida,2022-10-23
C0296,Robert Contreras,3102707903,alexischen@example.com,Gurugram,2025-11-08
C0297,Logan Conley,9931365651,marcoconnell@example.org,Noida,2025-08-19
C0298,Gabriela Martinez,8273902196,alexistucker@example.org,Gurugram,2022-09-02
C0299,Michelle Wheeler,3248763290,jennifersalazar@example.org,Ghaziabad,2025-02-04
C0300,Hannah Smith,1958837340,danielhernandez@example.com,Lucknow,2024-08-03
C0301,Thomas Brown,4597010822,washingtondarren@example.org,Faridabad,2025-06-19
C0302,Erika Gonzalez,3136363179,,Faridabad,2024-07-15
C0303,Brianna Reilly,2735435209,ramirezdaniel@example.com,Ghaziabad,2024-06-08
C0304,Greg Tanner,8316873977,alexis63@example.org,Pune,2023-12-04
C0305,Stephanie Vargas,0078068671,fsimpson@example.net,Pune,2025-08-03
C0306,Jennifer Robinson,0742799077,morgansullivan@example.com,Jaipur,2025-02-04
C0307,April Burton,4649893195,robertsonrenee@example.com,Jaipur,2026-02-12
C0308,Jacob Harvey,1832538179,,Jaipur,2026-01-19
C0309,Nicole Hodges,6401557788,,Lucknow,2025-11-21
C0310,Joseph Bryan,1371162411,joshuaterry@example.com,Gurugram,2023-03-26
C0311,Tristan Johnson,5670431038,robert55@example.com,Jaipur,2024-12-18
C0312,Sarah Wallace,2437540254,nhuber@example.org,Chandigarh,2025-06-05
C0313,William Franco,0592745238,wadetiffany@example.org,Lucknow,2024-02-07
C0314,Carla Turner,7520885474,laurenchandler@example.com,Mumbai,2023-12-20
C0315,John Williams,9375150939,kimberlywang@example.org,Ghaziabad,2022-09-24
C0316,Jill Powers,7599805626,paul04@example.com,Mumbai,2024-01-07
C0317,Shelly Miller,2662991234,hmcneil@example.com,Chandigarh,2022-11-25
C0318,Nicole Davis,8792326487,carsonkevin@example.net,Pune,2023-10-31
C0319,Julie Johnson,7146273014,egamble@example.net,Faridabad,2025-07-24
C0320,Krystal Oneill,9042902572,frank45@example.com,Gurugram,2025-02-17
C0321,Amber Carter,1928554451,madeline02@example.net,Chandigarh,2023-09-29
C0322,Jennifer Mccall,8338988816,hmoon@example.org,Chandigarh,2026-04-04
C0323,Eric Cox,2401322342,davidmiller@example.net,Lucknow,2025-08-18
C0324,Albert Washington,0890714014,websterkimberly@example.net,Chandigarh,2023-06-12
C0325,Cathy Bell,5528938911,ricejennifer@example.com,Noida,2023-04-25
C0326,April Swanson,9271256638,rickjuarez@example.com,Jaipur,2023-02-15
C0327,Chad Farmer,5716479473,broberts@example.org,Jaipur,2025-12-30
C0328,Rebekah Crosby,1678112669,figueroapatricia@example.org,Pune,2022-11-23
C0329,Gina Larson,7499465796,jdixon@example.com,Ghaziabad,2023-01-24
C0330,Jonathan Fuller,1702695249,wolfdonna@example.net,Mumbai,2025-08-24
C0331,Christina Bates,5880061675,cramos@example.org,Gurugram,2023-05-02
C0332,Peggy Dyer,4671978897,khart@example.net,Lucknow,2022-11-10
C0333,Kevin Gray,0902559056,pattersonvictoria@example.com,Faridabad,2024-01-07
C0334,Danielle Wong,5208507698,sadams@example.com,Chandigarh,2024-12-10
C0335,Mrs. Jeanette Armstrong,7852945637,pittmanamanda@example.com,Delhi,2023-09-06
C0336,Kenneth Ballard,5419876351,william46@example.net,Faridabad,2024-10-03
C0337,James Weber,8297374896,boydmichael@example.org,Faridabad,2023-08-01
C0338,Pamela Richard,6442493631,jamessanchez@example.com,Pune,2024-06-16
C0339,Jessica Lucas,2044820700,edwardskenneth@example.org,Mumbai,2026-03-02
C0340,Jack Sandoval,1981898471,carolmejia@example.com,Lucknow,2023-12-06
C0341,Jean Goodman,1234764907,holly15@example.net,Mumbai,2024-04-20
C0342,Tracey Suarez,4090034864,rebecca18@example.org,Chandigarh,2025-12-31
C0343,Theodore Long,4327560417,vmclaughlin@example.net,Ghaziabad,2024-04-17
C0344,Ashlee Martin,6985700272,moralescourtney@example.com,Faridabad,2024-11-23
C0345,David Reeves,7724295431,zrichardson@example.com,Mumbai,2026-05-05
C0346,Courtney Vaughan,4206969421,george91@example.org,Noida,2025-06-15
C0347,Thomas Chavez,3447626393,jessica36@example.org,Chandigarh,2024-03-29
C0348,Dylan Green,7107256366,charles80@example.org,Pune,2023-12-11
C0349,Terry Barajas,9646528092,geoffrey75@example.com,Mumbai,2023-02-27
C0350,Joseph Thomas,7456449485,ustafford@example.net,Gurugram,2026-07-15
C0351,Brittany Farrell,0320742761,wwilliams@example.net,Ghaziabad,2024-11-02
C0352,Brian Cortez,3422849939,foxashley@example.com,Noida,2026-03-31
C0353,Jonathan Davis,6591520177,rfuller@example.net,Mumbai,2025-03-20
C0354,Andrew Dean,3045018961,pscott@example.com,Delhi,2022-12-28
C0355,Carla Chan,7649251583,ygriffin@example.com,Mumbai,2023-09-10
C0356,Ann Henderson,6108573278,robertssamuel@example.com,Noida,2023-10-26
C0357,Miss Elizabeth Wright,8108186617,michael91@example.net,Chandigarh,2022-09-15
C0358,Julie Hartman,4597794523,christianhendrix@example.com,Delhi,2026-01-20
C0359,Joseph Smith,7697499564,martinezalexander@example.org,Chandigarh,2025-11-01
C0360,Chelsea Johnson,8314727601,rachelrodgers@example.com,Jaipur,2026-06-01
C0361,Scott Richards,0501667998,benjamin67@example.net,Delhi,2024-12-15
C0362,Meghan Velasquez,0695814671,pdean@example.com,Chandigarh,2024-05-25
C0363,Christopher Barber,8395972466,laura29@example.org,Gurugram,2023-09-30
C0364,Mary Anderson,1674338005,michael22@example.net,Gurugram,2022-10-07
C0365,Jeffrey Williamson,4550842891,housesamuel@example.com,Delhi,2026-05-30
C0366,Vanessa Harrington,1213524787,mooremichael@example.org,Pune,2023-02-14
C0367,Wayne Hammond,4821456532,icobb@example.com,Gurugram,2024-04-05
C0368,Jimmy Phelps,0811556260,qmalone@example.net,Gurugram,2023-03-26
C0369,Vanessa Whitney,4550489267,paigeweber@example.net,Lucknow,2025-03-12
C0370,Stacy Harrington,0856288431,adrienne20@example.org,Pune,2026-02-16
C0371,Deanna Collier,0548510174,chaveztonya@example.net,Mumbai,2026-07-07
C0372,Stephanie Burton,9268315893,shawn26@example.com,Chandigarh,2022-12-18
C0373,Stephen Alvarez,6988649767,adennis@example.org,Pune,2023-03-17
C0374,Michael Anderson,0285196115,billy21@example.com,Ghaziabad,2023-11-02
C0375,Edward Johnson,0443270185,harrellrobert@example.net,Delhi,2023-11-08
C0376,George Bennett,7725199663,cmorgan@example.net,Gurugram,2026-02-15
C0377,Maria Cline,1813989098,karenshaw@example.org,Faridabad,2023-02-11
C0378,Catherine Smith,1895690705,bwhite@example.net,Ghaziabad,2023-11-19
C0379,Brian Garcia,4124620952,reeveskenneth@example.org,Noida,2023-11-23
C0380,Frederick Bennett,9937886140,steven61@example.com,Mumbai,2022-10-03
C0381,Susan Smith,4967183258,,Delhi,2026-07-01
C0382,Kimberly Henderson,9420074946,megan39@example.net,Pune,2023-09-29
C0383,Joseph Jones,8463985547,john55@example.org,Delhi,2024-06-10
C0384,Alexis Holt,0268768118,staffordlisa@example.com,Ghaziabad,2025-04-10
C0385,Robert Carey,1753703045,christopheraustin@example.com,Chandigarh,2025-10-22
C0386,William Coffey,3036149872,,Faridabad,2024-10-20
C0387,Krystal Fleming,1249384308,erin70@example.com,Pune,2025-02-24
C0388,Amber Mcmillan,8775803046,zstewart@example.org,Faridabad,2023-12-14
C0389,Rhonda Mooney,3254110760,mary31@example.com,Mumbai,2023-07-29
C0390,Anthony Cook,7179110065,pattonbryan@example.com,Noida,2022-11-09
C0391,Jessica Garcia,6619639907,bmarshall@example.net,Noida,2025-01-24
C0392,Timothy Logan,3110919392,,Noida,2025-02-19
C0393,Jason Hardy,0024968549,dylanparker@example.com,Pune,2023-10-13
C0394,Kelly Sandoval,8065333153,dneal@example.net,Pune,2025-05-09
C0395,Kylie Rogers,1707303379,johnnavarro@example.com,Chandigarh,2025-10-20
C0396,James Mckenzie,5081247395,hesterjames@example.com,Ghaziabad,2023-04-29
C0397,Michelle Morgan,2410261534,zallen@example.com,Ghaziabad,2025-03-25
C0398,Vanessa Cuevas,2338655963,hinesbrenda@example.net,Chandigarh,2023-10-17
C0399,David Soto,7317912868,victor72@example.com,Pune,2025-06-06
C0400,Karen Sosa,9033373634,,Lucknow,2024-04-21
C9000,DAVID SOTO,7317912868,victor72@example.com,Pune,2025-06-06
C9001,CRYSTAL SULLIVAN,0937966033,karen19@example.org,Mumbai,2025-10-09
C9002,Gina Larson ,7499465796,jdixon@example.com,Ghaziabad,2023-01-24
C9003,Jack Sandoval ,1981898471,carolmejia@example.com,Lucknow,2023-12-06
C9004,SARA HOFFMAN,1545444328,racheltrujillo@example.net,Delhi,2024-03-22
C9005,THEODORE LONG,4327560417,vmclaughlin@example.net,Ghaziabad,2024-04-17
C9006,ASHLEY SCOTT,8877043581,jacksonstephanie@example.net,Ghaziabad,2024-09-23
C9007,Johnathan Thomas ,7410119470,ohernandez@example.org,Gurugram,2026-04-18
C9008,CLAUDIA LYONS,1241904966,charlesvaughn@example.net,Jaipur,2023-08-05
C9009,NICOLE ACOSTA,2904904712,yorkjoshua@example.org,Mumbai,2025-01-19
C9010,PATRICK HARDY,5346554947,ruizmichelle@example.net,Faridabad,2024-11-29
C9011,STEPHEN ALVAREZ,6988649767,adennis@example.org,Pune,2023-03-17
C9012,Matthew Smith ,5102726149,jacobconrad@example.com,Chandigarh,2023-06-27
C9013,CATHY BELL,5528938911,ricejennifer@example.com,Noida,2023-04-25
C9014,Jennifer Mccall ,8338988816,hmoon@example.org,Chandigarh,2026-04-04
